{
  "assistant-firecanyon-resolution": {
    "entity_type": "assistant-firecanyon",
    "process_name": "assistant-firecanyon-1",
    "continue_name": "firecanyon-start",
    "move_to": [-27.0, 31.0, -183.0],
    "execute_code": "(send-event __GET-PROCESS__ 'play-anim)",
    "requirements": ["(dm-lavabike-ready 0 (debug-menu-msg press))"]
  },
  "assistant-introduction-blue-eco-switch": {
    "entity_type": "assistant",
    "process_name": "assistant-11",
    "continue_name": "village1-hut",
    "move_to": [],
    "execute_code": "(send-event __GET-PROCESS__ 'play-anim)",
    "requirements": [
    ]
  },
  "assistant-reminder-1-blue-eco-switch": {
    "entity_type": "assistant",
    "process_name": "assistant-11",
    "continue_name": "village1-hut",
    "move_to": [],
    "execute_code": "(send-event __GET-PROCESS__ 'play-anim)",
    "requirements": [
      "(close-status! (-> __GET-PROCESS__ tasks) (task-status need-introduction))"
    ]
  },
  "assistant-introduction-race-bike": {
    "entity_type": "assistant",
    "process_name": "assistant-11",
    "continue_name": "village1-hut",
    "move_to": [],
    "execute_code": "(send-event __GET-PROCESS__ 'play-anim)",
    "requirements": ["(dm-give-cell (game-task jungle-eggtop))"]
  },
  "assistant-reminder-1-generic": {
    "entity_type": "assistant",
    "process_name": "assistant-11",
    "continue_name": "village1-hut",
    "move_to": [],
    "execute_code": "(send-event __GET-PROCESS__ 'play-anim)",
    "requirements": [
      "(dm-task-resolution 16 (debug-menu-msg press))",
      "(dm-task-resolution 216 (debug-menu-msg press))"
    ]
  },
  "assistant-reminder-1-race-bike": {
    "entity_type": "assistant",
    "process_name": "assistant-11",
    "continue_name": "village1-hut",
    "move_to": [],
    "execute_code": "(send-event __GET-PROCESS__ 'play-anim)",
    "requirements": [
      "(dm-give-cell (game-task jungle-eggtop))",
      "(close-status! (-> __GET-PROCESS__ tasks) (task-status need-introduction))"
    ]
  },
  "billy-accept": {
    "entity_type": "billy",
    "process_name": "billy-2",
    "continue_name": "swamp-game",
    "move_to": [606.1, 0.45, -2024.81],
    "execute_code": "(close-status! (-> __GET-PROCESS__ tasks) (task-status need-introduction))",
    "requirements": []
  },
  "billy-introduction": {
    "entity_type": "billy",
    "process_name": "billy-2",
    "continue_name": "swamp-game",
    "move_to": [606.1, 0.45, -2024.81],
    "execute_code": "(send-event __GET-PROCESS__ 'play-anim)",
    "requirements": []
  },
  "billy-reject": {
    "entity_type": "billy",
    "process_name": "billy-2",
    "continue_name": "swamp-game",
    "move_to": [606.1, 0.45, -2024.81],
    "execute_code": "(close-status! (-> __GET-PROCESS__ tasks) (task-status need-introduction))",
    "requirements": []
  },
  "billy-reminder-1": {
    "entity_type": "billy",
    "process_name": "billy-2",
    "continue_name": "swamp-game",
    "move_to": [606.1, 0.45, -2024.81],
    "execute_code": "(close-status! (-> __GET-PROCESS__ tasks) (task-status need-introduction))",
    "requirements": []
  },
  "billy-resolution": {
    "entity_type": "billy",
    "process_name": "billy-2",
    "continue_name": "swamp-game",
    "move_to": [606.1, 0.45, -2024.81],
    "execute_code": "(send-event __GET-PROCESS__ 'play-anim)",
    "requirements": ["(dm-task-reminder 288 (debug-menu-msg press))"]
  },
  "bird-lady-beach-resolution": {
    "entity_type": "bird-lady-beach",
    "process_name": "bird-lady-beach-1",
    "continue_name": "beach-start",
    "move_to": [-76.90, 22.09, -270.7],
    "move_first": true,
    "execute_code": "(send-event __GET-PROCESS__ 'play-anim)",
    "requirements": [
      "(run-now-in-process (process-by-name \"flutflutegg-1\" *active-pool*) (lambda () (go flutflutegg-physics-fall)))"
    ]
  },
  "bird-lady-introduction": {
    "entity_type": "bird-lady",
    "process_name": "bird-lady-4",
    "continue_name": "village1-hut",
    "move_to": [-51, 10, -7],
    "execute_code": "(send-event __GET-PROCESS__ 'play-anim)",
    "requirements": []
  },
  "bird-lady-reminder-1": {
    "entity_type": "bird-lady",
    "process_name": "bird-lady-4",
    "continue_name": "village1-hut",
    "move_to": [-51, 10, -7],
    "execute_code": "(send-event __GET-PROCESS__ 'play-anim)",
    "requirements": [
      "(close-status! (-> __GET-PROCESS__ tasks) (task-status need-introduction))"
    ]
  },
  "bird-lady-reminder-2": {
    "entity_type": "bird-lady",
    "process_name": "bird-lady-4",
    "continue_name": "village1-hut",
    "move_to": [-51, 10, -7],
    "execute_code": "(send-event __GET-PROCESS__ 'play-anim)",
    "requirements": [
      "(close-status! (-> __GET-PROCESS__ tasks) (task-status need-introduction))",
      "(save-reminder (->  __GET-PROCESS__ tasks) 1 0)"
    ]
  },
  "lrocklrg-falling": {
    "entity_type": "beach-rock",
    "process_name": "lrocklrg-1",
    "continue_name": "beach-start",
    "move_to": [-244, 32, -332],
    "execute_code": "(send-event __GET-PROCESS__ 'trigger)",
    "requirements": []
  },
  "bluesage-resolution": {
    "entity_type": "blue-sagecage",
    "process_name": "blue-sagecage-1",
    "continue_name": "citadel-plat-end",
    "move_to": [],
    "execute_code": "(send-event __GET-PROCESS__ 'play-anim)",
    "requirements": [
      "(close-specific-task! (game-task citadel-sage-blue) (task-status need-hint))",
      "(close-specific-task! (game-task citadel-sage-red) (task-status need-hint))",
      "(close-specific-task! (game-task citadel-sage-green) (task-status need-hint))",
      "(close-specific-task! (game-task citadel-sage-yellow) (task-status need-hint))"
    ]
  },
  "explorer-introduction": {
    "entity_type": "explorer",
    "process_name": "explorer-4",
    "continue_name": "village1-hut",
    "move_to": [-87.04, 9.39, 43.64],
    "execute_code": "(send-event __GET-PROCESS__ 'play-anim)",
    "requirements": []
  },
  "explorer-reminder-1": {
    "entity_type": "explorer",
    "process_name": "explorer-4",
    "continue_name": "village1-hut",
    "move_to": [-87.04, 9.39, 43.64],
    "execute_code": "(send-event __GET-PROCESS__ 'play-anim)",
    "requirements": [
      "(close-status! (-> __GET-PROCESS__ tasks) (task-status need-introduction))"
    ]
  },
  "explorer-reminder-2": {
    "entity_type": "explorer",
    "process_name": "explorer-4",
    "continue_name": "village1-hut",
    "move_to": [-87.04, 9.39, 43.64],
    "execute_code": "(send-event __GET-PROCESS__ 'play-anim)",
    "requirements": [
      "(close-status! (-> __GET-PROCESS__ tasks) (task-status need-introduction))",
      "(save-reminder (->  __GET-PROCESS__ tasks) 1 0)"
    ]
  },
  "explorer-resolution": {
    "entity_type": "explorer",
    "process_name": "explorer-4",
    "continue_name": "village1-hut",
    "move_to": [-87.04, 9.39, 43.64],
    "execute_code": "(send-event __GET-PROCESS__ 'play-anim)",
    "requirements": [
      "(close-status! (-> __GET-PROCESS__ tasks) (task-status need-introduction))",
      "(dm-task-get-money 0 (debug-menu-msg press))"
    ]
  },
  "farmer-introduction": {
    "entity_type": "farmer",
    "process_name": "farmer-3",
    "continue_name": "village1-hut",
    "move_to": [-3.16, 1.77, -63.1],
    "execute_code": "(send-event __GET-PROCESS__ 'play-anim)",
    "requirements": []
  },
  "farmer-reminder-1": {
    "entity_type": "farmer",
    "process_name": "farmer-3",
    "continue_name": "village1-hut",
    "move_to": [-3.16, 1.77, -63.1],
    "execute_code": "(send-event __GET-PROCESS__ 'play-anim)",
    "requirements": [
      "(close-status! (-> __GET-PROCESS__ tasks) (task-status need-introduction))"
    ]
  },
  "farmer-reminder-2": {
    "entity_type": "farmer",
    "process_name": "farmer-3",
    "continue_name": "village1-hut",
    "move_to": [-3.16, 1.77, -63.1],
    "execute_code": "(send-event __GET-PROCESS__ 'play-anim)",
    "requirements": [
      "(close-status! (-> __GET-PROCESS__ tasks) (task-status need-introduction))",
      "(save-reminder (->  __GET-PROCESS__ tasks) 1 0)"
    ]
  },
  "farmer-resolution": {
    "entity_type": "farmer",
    "process_name": "farmer-3",
    "continue_name": "village1-hut",
    "move_to": [-3.16, 1.77, -63.1],
    "execute_code": "(send-event __GET-PROCESS__ 'play-anim)",
    "requirements": ["(dm-task-reminder 80 (debug-menu-msg press))"]
  },
  "fisher-accept": {
    "entity_type": "fisher",
    "process_name": "fisher-1",
    "continue_name": "jungle-start",
    "move_to": [262.35, 2.28, -231.83],
    "execute_code": "(close-status! (-> __GET-PROCESS__ tasks) (task-status need-introduction))",
    "requirements": []
  },
  "fisher-introduction": {
    "entity_type": "fisher",
    "process_name": "fisher-1",
    "continue_name": "jungle-start",
    "move_to": [262.35, 2.28, -231.83],
    "execute_code": "(send-event __GET-PROCESS__ 'play-anim)",
    "requirements": []
  },
  "fisher-reject": {
    "entity_type": "fisher",
    "process_name": "fisher-1",
    "continue_name": "jungle-start",
    "move_to": [262.35, 2.28, -231.83],
    "execute_code": "(close-status! (-> __GET-PROCESS__ tasks) (task-status need-introduction))",
    "requirements": []
  },
  "fisher-reminder-1": {
    "entity_type": "fisher",
    "process_name": "fisher-1",
    "continue_name": "jungle-start",
    "move_to": [262.35, 2.28, -231.83],
    "execute_code": "(close-status! (-> __GET-PROCESS__ tasks) (task-status need-introduction))",
    "requirements": []
  },
  "fisher-resolution": {
    "entity_type": "fisher",
    "process_name": "fisher-1",
    "continue_name": "jungle-start",
    "move_to": [262.35, 2.28, -231.83],
    "execute_code": "(send-event __GET-PROCESS__ 'play-anim)",
    "requirements": ["(dm-task-reminder 40 (debug-menu-msg press))"]
  },
  "geologist-introduction": {
    "entity_type": "geologist",
    "process_name": "geologist-1",
    "continue_name": "village2-start",
    "move_to": [-56.6, 11.0, 32.9],
    "execute_code": "(send-event __GET-PROCESS__ 'play-anim)",
    "requirements": []
  },
  "green-sagecage-introduction": {
    "entity_type": "green-sagecage",
    "process_name": "green-sagecage-1",
    "continue_name": "citadel-start",
    "move_to": [262.35, 2.28, -231.83],
    "execute_code": "(send-event __GET-PROCESS__ 'play-anim)",
    "requirements": []
  },
  "green-sagecage-resolution": {
    "entity_type": "green-sagecage",
    "process_name": "green-sagecage-1",
    "continue_name": "citadel-elevator",
    "move_to": [262.35, 2.28, -231.83],
    "execute_code": "(send-event __GET-PROCESS__ 'play-anim)",
    "requirements": [
      "(close-specific-task! (game-task citadel-sage-blue) (task-status need-hint))",
      "(close-specific-task! (game-task citadel-sage-red) (task-status need-hint))",
      "(close-specific-task! (game-task citadel-sage-green) (task-status need-hint))",
      "(close-specific-task! (game-task citadel-sage-yellow) (task-status need-hint))",
      "(dm-give-all-cells 0 (debug-menu-msg press))"
    ]
  },
  "mayor-introduction": {
    "entity_type": "mayor",
    "process_name": "mayor-5",
    "continue_name": "village1-hut",
    "move_to": [-87.04, 9.39, 43.64],
    "execute_code": "(send-event __GET-PROCESS__ 'play-anim)",
    "requirements": []
  },
  "mayor-reminder-beams": {
    "entity_type": "mayor",
    "process_name": "mayor-5",
    "continue_name": "village1-hut",
    "move_to": [-87.04, 9.39, 43.64],
    "execute_code": "(send-event __GET-PROCESS__ 'play-anim)",
    "requirements": [
      "(dm-task-introduction 24 (debug-menu-msg press))",
      "(dm-task-introduction 88 (debug-menu-msg press))"
    ]
  },
  "mayor-reminder-donation": {
    "entity_type": "mayor",
    "process_name": "mayor-5",
    "continue_name": "village1-hut",
    "move_to": [-87.04, 9.39, 43.64],
    "execute_code": "(send-event __GET-PROCESS__ 'play-anim)",
    "requirements": [
      "(dm-task-introduction 24 (debug-menu-msg press))",
      "(dm-task-introduction 88 (debug-menu-msg press))",
      "(save-reminder (->  __GET-PROCESS__ tasks) 1 0)"
    ]
  },
  "mayor-resolution-beams": {
    "entity_type": "mayor",
    "process_name": "mayor-5",
    "continue_name": "village1-hut",
    "move_to": [-87.04, 9.39, 43.64],
    "execute_code": "(send-event __GET-PROCESS__ 'play-anim)",
    "requirements": [
      "(dm-task-introduction 24 (debug-menu-msg press))",
      "(dm-task-introduction 88 (debug-menu-msg press))",
      "(dm-task-reminder 24 (debug-menu-msg press))"
    ]
  },
  "mayor-resolution-donation": {
    "entity_type": "mayor",
    "process_name": "mayor-5",
    "continue_name": "village1-hut",
    "move_to": [-87.04, 9.39, 43.64],
    "execute_code": "(send-event __GET-PROCESS__ 'play-anim)",
    "requirements": [
      "(dm-task-introduction 24 (debug-menu-msg press))",
      "(dm-task-introduction 88 (debug-menu-msg press))",
      "(dm-task-get-money 0 (debug-menu-msg press))"
    ]
  },
  "oracle-intro-1": {
    "entity_type": "oracle",
    "process_name": "oracle-1",
    "continue_name": "village1-hut",
    "move_to": [82.8, 18.2, 14.3],
    "execute_code": "(send-event __GET-PROCESS__ 'play-anim)",
    "requirements": [
      "(dm-task-hint 104 (debug-menu-msg press))",
      "(dm-task-hint 112 (debug-menu-msg press))"
    ]
  },
  "oracle-left-eye-1": {
    "entity_type": "oracle",
    "process_name": "oracle-1",
    "continue_name": "village1-hut",
    "move_to": [82.8, 18.2, 14.3],
    "execute_code": "(send-event __GET-PROCESS__ 'play-anim)",
    "requirements": [
      "(dm-task-hint 104 (debug-menu-msg press))",
      "(dm-task-hint 112 (debug-menu-msg press))",
      "(dm-task-get-money 0 (debug-menu-msg press))",
      "(dm-task-get-money 0 (debug-menu-msg press))",
      "(dm-give-cell (game-task village1-oracle-money1))"
    ]
  },
  "oracle-left-eye-2": {
    "entity_type": "oracle",
    "process_name": "oracle-2",
    "continue_name": "village2-start",
    "move_to": [238.48, 11.9, -1532.6],
    "execute_code": "(send-event __GET-PROCESS__ 'play-anim)",
    "requirements": [
      "(dm-task-hint 104 (debug-menu-msg press))",
      "(dm-task-hint 112 (debug-menu-msg press))",
      "(close-status! (-> __GET-PROCESS__ tasks) (task-status need-introduction))",
      "(dm-task-get-money 0 (debug-menu-msg press))",
      "(dm-task-get-money 0 (debug-menu-msg press))",
      "(dm-give-cell (game-task village2-oracle-money1))"
    ]
  },
  "oracle-left-eye-3": {
    "entity_type": "oracle",
    "process_name": "oracle-3",
    "continue_name": "village3-start",
    "move_to": [1024.94, 40.07, -3507.05],
    "execute_code": "(send-event __GET-PROCESS__ 'play-anim)",
    "requirements": [
      "(dm-task-hint 104 (debug-menu-msg press))",
      "(dm-task-hint 112 (debug-menu-msg press))",
      "(close-status! (-> __GET-PROCESS__ tasks) (task-status need-introduction))",
      "(dm-task-get-money 0 (debug-menu-msg press))",
      "(dm-task-get-money 0 (debug-menu-msg press))",
      "(dm-give-cell (game-task village3-oracle-money1))"
    ]
  },
  "oracle-reminder-1": {
    "entity_type": "oracle",
    "process_name": "oracle-1",
    "continue_name": "village1-hut",
    "move_to": [82.8, 18.2, 14.3],
    "execute_code": "(send-event __GET-PROCESS__ 'play-anim)",
    "requirements": [
      "(dm-task-hint 104 (debug-menu-msg press))",
      "(dm-task-hint 112 (debug-menu-msg press))",
      "(close-status! (-> __GET-PROCESS__ tasks) (task-status need-introduction))"
    ]
  },
  "oracle-right-eye-1": {
    "entity_type": "oracle",
    "process_name": "oracle-1",
    "continue_name": "village1-hut",
    "move_to": [82.8, 18.2, 14.3],
    "execute_code": "(send-event __GET-PROCESS__ 'play-anim)",
    "requirements": [
      "(dm-task-hint 104 (debug-menu-msg press))",
      "(dm-task-hint 112 (debug-menu-msg press))",
      "(close-status! (-> __GET-PROCESS__ tasks) (task-status need-introduction))",
      "(dm-task-get-money 0 (debug-menu-msg press))",
      "(dm-task-get-money 0 (debug-menu-msg press))"
    ]
  },
  "oracle-right-eye-2": {
    "entity_type": "oracle",
    "process_name": "oracle-2",
    "continue_name": "village2-start",
    "move_to": [238.48, 11.9, -1532.6],
    "execute_code": "(send-event __GET-PROCESS__ 'play-anim)",
    "requirements": [
      "(dm-task-hint 104 (debug-menu-msg press))",
      "(dm-task-hint 112 (debug-menu-msg press))",
      "(close-status! (-> __GET-PROCESS__ tasks) (task-status need-introduction))",
      "(dm-task-get-money 0 (debug-menu-msg press))",
      "(dm-task-get-money 0 (debug-menu-msg press))"
    ]
  },
  "oracle-right-eye-3": {
    "entity_type": "oracle",
    "process_name": "oracle-3",
    "continue_name": "village3-start",
    "move_to": [1024.94, 40.07, -3507.05],
    "execute_code": "(send-event __GET-PROCESS__ 'play-anim)",
    "requirements": [
      "(dm-task-hint 104 (debug-menu-msg press))",
      "(dm-task-hint 112 (debug-menu-msg press))",
      "(close-status! (-> __GET-PROCESS__ tasks) (task-status need-introduction))",
      "(dm-task-get-money 0 (debug-menu-msg press))",
      "(dm-task-get-money 0 (debug-menu-msg press))"
    ]
  },
  "redsage-resolution": {
    "entity_type": "red-sagecage",
    "process_name": "red-sagecage-1",
    "continue_name": "citadel-generator-end",
    "move_to": [],
    "execute_code": "(send-event __GET-PROCESS__ 'play-anim)",
    "requirements": [
      "(close-specific-task! (game-task citadel-sage-blue) (task-status need-hint))",
      "(close-specific-task! (game-task citadel-sage-red) (task-status need-hint))",
      "(close-specific-task! (game-task citadel-sage-green) (task-status need-hint))",
      "(close-specific-task! (game-task citadel-sage-yellow) (task-status need-hint))"
    ]
  },
  "sage-intro-sequence-a": {
    "entity_type": "",
    "process_name": "",
    "continue_name": "intro-start",
    "move_to": [],
    "execute_code": "",
    "requirements": []
  },
  "sage-intro-sequence-d1": {
    "entity_type": "sage",
    "process_name": "sage-23",
    "continue_name": "village1-hut",
    "move_to": [],
    "execute_code": "(send-event __GET-PROCESS__ 'play-anim)",
    "requirements": []
  },
  "sage-intro-sequence-d2": {
    "entity_type": "sage",
    "process_name": "sage-23",
    "continue_name": "village1-hut",
    "move_to": [],
    "execute_code": "(send-event __GET-PROCESS__ 'play-anim)",
    "requirements": []
  },
  "sage-intro-sequence-e": {
    "entity_type": "sage",
    "process_name": "sage-23",
    "continue_name": "village1-hut",
    "move_to": [],
    "execute_code": "(send-event __GET-PROCESS__ 'play-anim)",
    "requirements": [
      "(dm-task-resolution 736 (debug-menu-msg press))",
      "(dm-task-resolution 744 (debug-menu-msg press))",
      "(dm-task-resolution 752 (debug-menu-msg press))",
      "(dm-task-resolution 760 (debug-menu-msg press))",
      "(dm-task-resolution 872 (debug-menu-msg press))"
    ]
  },
  "sage-introduction-misty-cannon": {
    "entity_type": "sage",
    "process_name": "sage-23",
    "continue_name": "village1-hut",
    "move_to": [],
    "execute_code": "(send-event __GET-PROCESS__ 'play-anim)",
    "requirements": [
      "(dm-task-resolution 736 (debug-menu-msg press))",
      "(dm-task-resolution 744 (debug-menu-msg press))",
      "(dm-task-resolution 752 (debug-menu-msg press))",
      "(dm-task-resolution 760 (debug-menu-msg press))",
      "(dm-task-resolution 872 (debug-menu-msg press))",
      "(dm-task-introduction 120 (debug-menu-msg press))"
    ]
  },
  "sage-reminder-1-ecorocks": {
    "entity_type": "sage",
    "process_name": "sage-23",
    "continue_name": "village1-hut",
    "move_to": [],
    "execute_code": "(send-event __GET-PROCESS__ 'play-anim)",
    "requirements": [
      "(dm-task-resolution 736 (debug-menu-msg press))",
      "(dm-task-resolution 744 (debug-menu-msg press))",
      "(dm-task-resolution 752 (debug-menu-msg press))",
      "(dm-task-resolution 760 (debug-menu-msg press))",
      "(dm-task-resolution 872 (debug-menu-msg press))",
      "(dm-task-introduction 120 (debug-menu-msg press))",
      "(dm-task-introduction 208 (debug-menu-msg press))",
      "(dm-task-reminder 208 (debug-menu-msg press))"
    ]
  },
  "sage-reminder-1-generic": {
    "entity_type": "sage",
    "process_name": "sage-23",
    "continue_name": "village1-hut",
    "move_to": [],
    "execute_code": "(send-event __GET-PROCESS__ 'play-anim)",
    "requirements": [
      "(dm-task-resolution 736 (debug-menu-msg press))",
      "(dm-task-resolution 744 (debug-menu-msg press))",
      "(dm-task-resolution 752 (debug-menu-msg press))",
      "(dm-task-resolution 760 (debug-menu-msg press))",
      "(dm-task-resolution 872 (debug-menu-msg press))",
      "(dm-task-introduction 120 (debug-menu-msg press))",
      "(dm-task-introduction 208 (debug-menu-msg press))",
      "(dm-task-reminder 208 (debug-menu-msg press))",
      "(dm-task-resolution 120 (debug-menu-msg press))"
    ]
  },
  "sage-reminder-1-misty-cannon": {
    "entity_type": "sage",
    "process_name": "sage-23",
    "continue_name": "village1-hut",
    "move_to": [],
    "execute_code": "(send-event __GET-PROCESS__ 'play-anim)",
    "requirements": [
      "(dm-task-resolution 736 (debug-menu-msg press))",
      "(dm-task-resolution 744 (debug-menu-msg press))",
      "(dm-task-resolution 752 (debug-menu-msg press))",
      "(dm-task-resolution 760 (debug-menu-msg press))",
      "(dm-task-resolution 872 (debug-menu-msg press))",
      "(dm-task-resolution 120 (debug-menu-msg press))",
      "(dm-task-introduction 208 (debug-menu-msg press))"
    ]
  },
  "sculptor-introduction": {
    "entity_type": "sculptor",
    "process_name": "sculptor-6",
    "continue_name": "village1-hut",
    "move_to": [-110.43, 9.75, -3.46],
    "execute_code": "(send-event __GET-PROCESS__ 'play-anim)",
    "requirements": []
  },
  "sculptor-reminder-1": {
    "entity_type": "sculptor",
    "process_name": "sculptor-6",
    "continue_name": "village1-hut",
    "move_to": [-110.43, 9.75, -3.46],
    "execute_code": "(send-event __GET-PROCESS__ 'play-anim)",
    "requirements": [
      "(close-status! (-> __GET-PROCESS__ tasks) (task-status need-introduction))"
    ]
  },
  "sculptor-resolution": {
    "entity_type": "sculptor",
    "process_name": "sculptor-6",
    "continue_name": "village1-hut",
    "move_to": [-110.43, 9.75, -3.46],
    "execute_code": "(send-event __GET-PROCESS__ 'play-anim)",
    "requirements": ["(dm-task-reminder 184 (debug-menu-msg press))"]
  },
  "sidekick-human-intro-sequence-b": {
    "entity_type": "",
    "process_name": "",
    "continue_name": "intro-start",
    "move_to": [],
    "execute_code": "",
    "requirements": []
  },
  "sidekick-human-intro-sequence-c": {
    "entity_type": "",
    "process_name": "",
    "continue_name": "intro-start",
    "move_to": [],
    "execute_code": "",
    "requirements": []
  },
  "yellowsage-resolution": {
    "entity_type": "yellow-sagecage",
    "process_name": "yellow-sagecage-1",
    "continue_name": "citadel-launch-end",
    "move_to": [],
    "execute_code": "(send-event __GET-PROCESS__ 'play-anim)",
    "requirements": [
      "(close-specific-task! (game-task citadel-sage-blue) (task-status need-hint))",
      "(close-specific-task! (game-task citadel-sage-red) (task-status need-hint))",
      "(close-specific-task! (game-task citadel-sage-green) (task-status need-hint))",
      "(close-specific-task! (game-task citadel-sage-yellow) (task-status need-hint))"
    ]
  }
}
